Doctor actor,No Villains,% of Villains,Doc. no.,ID,Villain,Episodes,Stories  total,Motivation,Story titles
William Hartnell,50,11.39%,1,1,Kal,4,1,Power,An Unearthy Child
William Hartnell,50,11.39%,1,2,Za,4,1,Power,An Unearthy Child
William Hartnell,50,11.39%,1,3,Daleks,104,34,Earth invasion/Human extermination,The Daleks  The Dalek Invasion of Earth  The Chase  Mission to the Unknown  The Daleks Master Plan  The Power of the Daleks  The Evil of the Daleks  Day of the Daleks  Planet of the Daleks  Death to the Daleks  Genesis of the Daleks  Destiny of the Daleks  Resurrection of the Daleks  Revelation of the Daleks  Remembrance of the Daleks  Dalek  Bad Wolf/The Parting of the Ways  Army of Ghosts/Doomsday  Daleks in  Manhattan/Evolution of the Daleks  The Stolen Earth  Journeys End  Victory of the Daleks  The Pandorica Opens  The Big Bang  The Space Museum  The Wheel in Space  The War Games  The Mind of Evil  Frontier in Space  The Five Doctors  Doctor Who  Human Nature  The Waters of Mars  The Beast Below  The Wedding of River Song  Asylum of the Daleks
William Hartnell,50,11.39%,1,13,Robomen,6,1,Serve big Bad,The Dalek Invasion of Earth
William Hartnell,50,11.39%,1,14,Slyther,6,1,Serve big Bad,The Dalek Invasion of Earth
William Hartnell,50,11.39%,1,15,Aydan,6,1,Save alien planet,The Keys of Marinus
William Hartnell,50,11.39%,1,16,Eyesen,6,1,Self interest,The Keys of Marinus
William Hartnell,50,11.39%,1,17,Forester,3,1,Money,Planet of Giants
William Hartnell,50,11.39%,1,18,Kala,6,1,Save alien planet ,The Keys of Marinus
William Hartnell,50,11.39%,1,19,Morpho,6,1,Save alien planet,The Keys of Marinus
William Hartnell,50,11.39%,1,20,Screaming Jungle (The),6,1,Save alien planet,The Keys of Marinus
William Hartnell,50,11.39%,1,21,Sensorites,6,1,Fear,The Sensorites
William Hartnell,50,11.39%,1,22,Tegana,7,1,Kill the Doctor,Marco Polo
William Hartnell,50,11.39%,1,23,Tlotoxl,4,1,Religion,The Aztecs
William Hartnell,50,11.39%,1,24,Vasor,6,1,Save alien planet,The Keys of Marinus
William Hartnell,50,11.39%,1,25,Voord,6,1,Wants to control a Planet,The Keys of Marinus
William Hartnell,50,11.39%,1,26,Yartek,6,1,Serve big Bad,The Keys of Marinus
William Hartnell,50,11.39%,1,27,Mongol Bandit ,7,1,Serve big Bad,Marco Polo
William Hartnell,50,11.39%,1,28,Dalek Supreme (Supreme Dalek)  inc Progenitor,63,14,Earth invasion/Human extermination,Dalek Invasion of earth  The Daleks Master Plan  The Chase  The Evil of the Daleks  Day of the Daleks  Frontier in Space  Planet of the Daleks  Destiny of the Daleks  Resurrection of the Daleks  Revelation of the Daleks  Remembrance of the Daleks  The Stolen Earth/Journeys End  Victory of the Daleks  The Pandorica Opens
William Hartnell,50,11.39%,1,37,Animus,6,1,Control Humans,The Web Planet
William Hartnell,50,11.39%,1,38,Aridians,6,1,Self interest,The Chase
William Hartnell,50,11.39%,1,39,Bennett (Koquillion),2,1,Kill humans,The Rescue
William Hartnell,50,11.39%,1,40,Dracula  Robot Count,6,1,Serve big Bad,The Chase
William Hartnell,50,11.39%,1,41,Drahvin,4,1,War,Galaxy 4
William Hartnell,50,11.39%,1,42,Frankensteins monster robot,6,1,Serve big Bad,The Chase
William Hartnell,50,11.39%,1,43,Grey Lady robot,6,1,Serve big Bad,The Chase
William Hartnell,50,11.39%,1,44,Gubbage Cone ,6,1,Attack the Doctor,The Chase
William Hartnell,50,11.39%,1,45,Mavic Chen,12,1,Kill humans,The Daleks Master Plan
William Hartnell,50,11.39%,1,46,Meddling Monk (the),8,2,Interfere with history,The Time Meddler  The Daleks Master Plan
William Hartnell,50,11.39%,1,47,Moroks  (the),4,1,Power,The Space Museum
William Hartnell,50,11.39%,1,48,Robot Dr Who,6,1,Kill Doctor and companions,The Chase
William Hartnell,50,11.39%,1,49,Zarbi,6,1,Forage  possessed,The Web Planet
William Hartnell,50,11.39%,1,50,Maaga,4,1,escape doomed planet,Galaxy 4
William Hartnell,50,11.39%,1,51,Mortimus ,16,2,Meddle with time,The Time Meddler  The Daleks Master Plan
William Hartnell,50,11.39%,1,55,Celestial Toymaker,4,1,Kill/ enslave humans,Celestial Toymaker
William Hartnell,50,11.39%,1,56,Elders (the),4,1,Self interest,The Savages
William Hartnell,50,11.39%,1,57,Monoid,4,1,Power,The Ark
William Hartnell,50,11.39%,1,58,Pike  Samuel ,4,1,Find Treasure,The Smugglers
William Hartnell,50,11.39%,1,59,WOTAN,4,1,World domination,The War Machines
William Hartnell,50,11.39%,1,60,Cybermen,56,24,Earth invasion/Human extermination,The Tenth Planet  The Moonbase  The Tomb of the Cybermen  The Wheel in Space  The Invasion  Revenge of the Cybermen  Earthshock  The Five Doctors  Attack of the Cybermen  Silver Nemesis  Rise of the Cybermen/The Age of Steel  Army of Ghosts/Doomsday  The Next Doctor  The Pandorica Opens  The War Games  The Mind of Evil  Carnival of Monsters  Logopolis  Mawdryn Undead  Dalek  Human Nature  A Good Man Goes to War  Closing Time
William Hartnell,50,11.39%,1,89,Yeti,13,3,Serve big Bad,The Abominable Snowmen  The Web of Fear  The Five Doctors
William Hartnell,50,11.39%,1,148,Anti-Matter Organism ,4,1,Serve big Bad,The Three Doctors
William Hartnell,50,11.39%,1,151,Gell guards ,4,1,Serve big Bad,The Three Doctors
William Hartnell,50,11.39%,1,154,Omega,8,2,Revenge,The Three Doctors  Arc of Infinity
William Hartnell,50,11.39%,1,198,Cyber-leader,14,5,Serve big Bad,Revenge of the Cybermen  Earthshock  The Five Doctors  Attack of the Cybermen  Silver Nemesis
William Hartnell,50,11.39%,1,215,Borusa,15,4,Immortality,The Deadly Assassin  The Invasion of Time  Arc of Infinity  The Five Doctors
William Hartnell,50,11.39%,1,291,Raston Warrior Robot,1,1,Kill everything,The Five Doctors
William Hartnell,50,11.39%,1,296,Rassilon,3,2,Power,The Five Doctors  The End of Time
William Hartnell,50,11.39%,1,303,Terrible Zodin,3,2,Attack the Doctor,The Five Doctors  Attack of the Cybermen
William Hartnell,50,11.39%,1,327,Stotz,4,1,Make money,The Caves of Androzani
Patrick Troughton,49,11.16%,2,4,Daleks,104,34,Earth invasion/Human extermination,The Daleks  The Dalek Invasion of Earth  The Chase  Mission to the Unknown  The Daleks Master Plan  The Power of the Daleks  The Evil of the Daleks  Day of the Daleks  Planet of the Daleks  Death to the Daleks  Genesis of the Daleks  Destiny of the Daleks  Resurrection of the Daleks  Revelation of the Daleks  Remembrance of the Daleks  Dalek  Bad Wolf/The Parting of the Ways  Army of Ghosts/Doomsday  Daleks in  Manhattan/Evolution of the Daleks  The Stolen Earth  Journeys End  Victory of the Daleks  The Pandorica Opens  The Big Bang  The Space Museum  The Wheel in Space  The War Games  The Mind of Evil  Frontier in Space  The Five Doctors  Doctor Who  Human Nature  The Waters of Mars  The Beast Below  The Wedding of River Song  Asylum of the Daleks
Patrick Troughton,49,11.16%,2,29,Dalek Supreme (Supreme Dalek)  inc Progenitor,63,14,Earth invasion/Human extermination,Dalek Invasion of earth  The Daleks Master Plan  The Chase  The Evil of the Daleks  Day of the Daleks  Frontier in Space  Planet of the Daleks  Destiny of the Daleks  Resurrection of the Daleks  Revelation of the Daleks  Remembrance of the Daleks  The Stolen Earth/Journeys End  Victory of the Daleks  The Pandorica Opens
Patrick Troughton,49,11.16%,2,52,Bragen,6,1,Serve big Bad,The Power of the Daleks
Patrick Troughton,49,11.16%,2,53,Grey  Solicitor,4,1,Serve big Bad,The Highlanders
Patrick Troughton,49,11.16%,2,54,Trask (The Highlanders),4,1,Smuggle weapons,The Highlanders
Patrick Troughton,49,11.16%,2,61,Cybermen,56,24,Earth invasion/Human extermination,The Tenth Planet  The Moonbase  The Tomb of the Cybermen  The Wheel in Space  The Invasion  Revenge of the Cybermen  Earthshock  The Five Doctors  Attack of the Cybermen  Silver Nemesis  Rise of the Cybermen/The Age of Steel  Army of Ghosts/Doomsday  The Next Doctor  The Pandorica Opens  The War Games  The Mind of Evil  Carnival of Monsters  Logopolis  Mawdryn Undead  Dalek  Human Nature  A Good Man Goes to War  Closing Time
Patrick Troughton,49,11.16%,2,69,Benik,6,1,Serve big Bad,The Enemy of the World
Patrick Troughton,49,11.16%,2,70,Chameleons,6,1,New home world  absorbing human identities,The Faceless Ones
Patrick Troughton,49,11.16%,2,71,Kaftan,4,1,Power,Tomb of the Cybermen
Patrick Troughton,49,11.16%,2,72,Klieg  Eric,4,1,Power,Tomb of the Cybermen
Patrick Troughton,49,11.16%,2,73,Maxtible  Theodore,7,1,Serve big Bad,Evil of the Daleks
Patrick Troughton,49,11.16%,2,74,Salamander,6,1,Wants to control an organisation,The Enemy of the World
Patrick Troughton,49,11.16%,2,75,Varga,6,1,World domination,The Ice Warriors
Patrick Troughton,49,11.16%,2,76,Varla,3,1,Possess time travel,The Two Doctors
Patrick Troughton,49,11.16%,2,77,Zaroff  Professor,4,1,Destroy the World,The Underwater Menace
Patrick Troughton,49,11.16%,2,78,Cyber-controller,6,2,Earth invasion/Human extermination,The Tomb of the Cybermen  Attack of the Cybermen
Patrick Troughton,49,11.16%,2,80,Macra (the),5,2,Kill everything,The Macra Terror  Gridlock
Patrick Troughton,49,11.16%,2,82,Ice Warriors (inc benevolent appearences),24,6,Absorb planets,The Ice Warriors  The Seeds of Death  The Curse of Peladon  The Monster of Peladon The War Games  The Mind of Evil
Patrick Troughton,49,11.16%,2,84,Great Intelligence  the (Yog-Sothoth),13,3,World domination,The Abominable Snowmen/The Web of Fear  The Snowmen
Patrick Troughton,49,11.16%,2,86,Cybermat,15,4,Serve big Bad,Tomb of the Cybermen  Wheel in space  Revenge of the Cybermen  Closing Time
Patrick Troughton,49,11.16%,2,90,Yeti,13,3,Serve big Bad,The Abominable Snowmen  The Web of Fear  The Five Doctors
Patrick Troughton,49,11.16%,2,94,Dominators,5,1,Turn Planet into fuel,The Dominators
Patrick Troughton,49,11.16%,2,95,Master of the Land of Fiction,5,1,Trick the Doctor,The Mind Robber
Patrick Troughton,49,11.16%,2,96,Oak  Mr,6,1,Serve big Bad,Fury from the Deep
Patrick Troughton,49,11.16%,2,97,Quarks,5,1,Enslavement,The Dominators
Patrick Troughton,49,11.16%,2,98,Quill  Mr,6,1,Serve big Bad,Fury from the Deep
Patrick Troughton,49,11.16%,2,99,Rago Navigator,5,1,Conserve energy,The Dominators
Patrick Troughton,49,11.16%,2,100,Seaweed Creature (Weed creature),6,1,World domination,Fury from the Deep
Patrick Troughton,49,11.16%,2,101,Vaughn  Tobias,8,1,Kill the Doctor,The Invasion
Patrick Troughton,49,11.16%,2,102,White Robot,5,1,Serve big Bad,The Mind Robber 
Patrick Troughton,49,11.16%,2,103,Caven  Maurice,6,1,Invade another alien planet,The Space Pitrates
Patrick Troughton,49,11.16%,2,104,Krotons,4,1,Enslavement,The Krotons
Patrick Troughton,49,11.16%,2,105,War Chief,10,1,Kidnap,The War Games
Patrick Troughton,49,11.16%,2,106,War Lord,10,1,Kidnap,The War Games
Patrick Troughton,49,11.16%,2,107,Goth (Gothaparduskerialldrapolatkh),14,2,Serve big Bad,The War Lords  The Deadly Assassin
Patrick Troughton,49,11.16%,2,132,Master (the),84,22,Universe domination,Terror of the Autons The Mind of Evil The Claws of Axos Colony in Space The Demons The Sea Devils The Time Monster Frontier in Space The Deadly Assassin The Keeper of Traken Logopolis Castrovalva Time-Flight The Kings Demons The Five Doctors Planet of Fire The Mark of the Rani The Ultimate Foe Survival Doctor Who Utopia/The Sound of Drums/Last of the Time Lords The End of Time The Caves of Androzani
Patrick Troughton,49,11.16%,2,149,Anti-Matter Organism ,4,1,Serve big Bad,The Three Doctors
Patrick Troughton,49,11.16%,2,152,Gell guards ,4,1,Serve big Bad,The Three Doctors
Patrick Troughton,49,11.16%,2,155,Omega,8,2,Revenge,The Three Doctors  Arc of Infinity
Patrick Troughton,49,11.16%,2,163,Sontarans,21,9,War  world domination,The Time Warrior  The Sontaran Experiment  The Invasion of Time  The Two Doctors  The Sontaran Stratagem/The Poison Sky  Logopolis  The End of Time  The Pandorica Opens  A Good Man Goes to War
Patrick Troughton,49,11.16%,2,199,Cyber-leader,14,5,Serve big Bad,Revenge of the Cybermen  Earthshock  The Five Doctors  Attack of the Cybermen  Silver Nemesis
Patrick Troughton,49,11.16%,2,216,Borusa,15,4,Immortality,The Deadly Assassin  The Invasion of Time  Arc of Infinity  The Five Doctors
Patrick Troughton,49,11.16%,2,292,Raston Warrior Robot,1,1,Kill everything,The Five Doctors
Patrick Troughton,49,11.16%,2,297,Rassilon,3,2,Power,The Five Doctors  The End of Time
Patrick Troughton,49,11.16%,2,304,Terrible Zodin,3,2,Attack the Doctor,The Five Doctors  Attack of the Cybermen
Patrick Troughton,49,11.16%,2,340,Dastari  Joinson,3,1,Medical experiments,The Two Doctors
Patrick Troughton,49,11.16%,2,342,Shockeye of the Quawncing Grig ,3,1,Eat human flesh,The Two Doctors
Patrick Troughton,49,11.16%,2,344,Stike,3,1,Make time machine,The Two Doctors
Patrick Troughton,49,11.16%,2,346,Varl,3,1,Possess time travel,The Two Doctors
Jon Pertwee,54,12.30%,3,5,Daleks,104,34,Earth invasion/Human extermination,The Daleks  The Dalek Invasion of Earth  The Chase  Mission to the Unknown  The Daleks Master Plan  The Power of the Daleks  The Evil of the Daleks  Day of the Daleks  Planet of the Daleks  Death to the Daleks  Genesis of the Daleks  Destiny of the Daleks  Resurrection of the Daleks  Revelation of the Daleks  Remembrance of the Daleks  Dalek  Bad Wolf/The Parting of the Ways  Army of Ghosts/Doomsday  Daleks in  Manhattan/Evolution of the Daleks  The Stolen Earth  Journeys End  Victory of the Daleks  The Pandorica Opens  The Big Bang  The Space Museum  The Wheel in Space  The War Games  The Mind of Evil  Frontier in Space  The Five Doctors  Doctor Who  Human Nature  The Waters of Mars  The Beast Below  The Wedding of River Song  Asylum of the Daleks
Jon Pertwee,54,12.30%,3,30,Dalek Supreme (Supreme Dalek)  inc Progenitor,63,14,Earth invasion/Human extermination,Dalek Invasion of earth  The Daleks Master Plan  The Chase  The Evil of the Daleks  Day of the Daleks  Frontier in Space  Planet of the Daleks  Destiny of the Daleks  Resurrection of the Daleks  Revelation of the Daleks  Remembrance of the Daleks  The Stolen Earth/Journeys End  Victory of the Daleks  The Pandorica Opens
Jon Pertwee,54,12.30%,3,62,Cybermen,56,24,Earth invasion/Human extermination,The Tenth Planet  The Moonbase  The Tomb of the Cybermen  The Wheel in Space  The Invasion  Revenge of the Cybermen  Earthshock  The Five Doctors  Attack of the Cybermen  Silver Nemesis  Rise of the Cybermen/The Age of Steel  Army of Ghosts/Doomsday  The Next Doctor  The Pandorica Opens  The War Games  The Mind of Evil  Carnival of Monsters  Logopolis  Mawdryn Undead  Dalek  Human Nature  A Good Man Goes to War  Closing Time
Jon Pertwee,54,12.30%,3,83,Ice Warriors (inc benevolent appearences),24,6,Absorb planets,The Ice Warriors  The Seeds of Death  The Curse of Peladon  The Monster of Peladon The War Games  The Mind of Evil
Jon Pertwee,54,12.30%,3,91,Yeti,13,3,Serve big Bad,The Abominable Snowmen  The Web of Fear  The Five Doctors
Jon Pertwee,54,12.30%,3,109,Carrington  General,7,1,War,The Ambassadors of Death
Jon Pertwee,54,12.30%,3,110,Elizabeth Shaw  Section Leader (alt universe),7,1,Fascist stooge,Inferno
Jon Pertwee,54,12.30%,3,111,Lethbridge-Stewart  Brigade Leader (alt universe),7,1,Fascist stooge,Inferno
Jon Pertwee,54,12.30%,3,112,Morka,7,1,World domination,Doctor Who and the Silurians 
Jon Pertwee,54,12.30%,3,113,Nestene Consciousness,9,3,Universe domination,Spearhead from Space/Terror of the Autons/Rose
Jon Pertwee,54,12.30%,3,115,Primord,7,1,Control Humans,Inferno
Jon Pertwee,54,12.30%,3,116,Quinlan  Sir James,7,1,Serve big Bad,The Ambassadors of Death
Jon Pertwee,54,12.30%,3,117,Reegan,7,1,Crime,The Ambassadors of Death
Jon Pertwee,54,12.30%,3,118,Stahlman  Professor,4,1,World domination,Inferno
Jon Pertwee,54,12.30%,3,119,Taltalian  Bruno,7,1,Serve big Bad,The Ambassadors of Death
Jon Pertwee,54,12.30%,3,120,Autons (Marcellas  Commander and Claudio),11,4,Defeat the Doctor,Terror of the Autons  Spearhead from Space  Rose  The Pandorica Opens/The Big Bang  Love & Monsters
Jon Pertwee,54,12.30%,3,123,Silurians (exc Sea Devils),16,6,World domination,Doctor Who and the Silurians  Warriors of the Deep  The Hungry Earth/Cold Blood  The Pandorica Opens (see Alliance above)  A Good Man Goes to War
Jon Pertwee,54,12.30%,3,126,Axons,4,1,Earth invasion/Human extermination,The Claws of Axos
Jon Pertwee,54,12.30%,3,127,Azal,5,1,Kill humans,The D�mons
Jon Pertwee,54,12.30%,3,128,Bok,5,1,Assist Azal,The D�mons
Jon Pertwee,54,12.30%,3,129,Dent,6,1,Make money,Colony in Space
Jon Pertwee,54,12.30%,3,130,Keller Machine,6,1,Control Humans,The mind of Evil
Jon Pertwee,54,12.30%,3,131,Mailer  Harry ,6,1,Power,The mind of Evil
Jon Pertwee,54,12.30%,3,133,Master (the),84,22,Universe domination,Terror of the Autons The Mind of Evil The Claws of Axos Colony in Space The Demons The Sea Devils The Time Monster Frontier in Space The Deadly Assassin The Keeper of Traken Logopolis Castrovalva Time-Flight The Kings Demons The Five Doctors Planet of Fire The Mark of the Rani The Ultimate Foe Survival Doctor Who Utopia/The Sound of Drums/Last of the Time Lords The End of Time The Caves of Androzani
Jon Pertwee,54,12.30%,3,140,Arcturus,4,1,Control of planet,The Curse of Peladon
Jon Pertwee,54,12.30%,3,141,Chief Sea Devil,6,1,Destroy humans,The Sea Devils  
Jon Pertwee,54,12.30%,3,142,Hepesh,4,1,Universe domination,The Curse of Peladon
Jon Pertwee,54,12.30%,3,143,Kronos,6,1,Serve big Bad,The Time Monster
Jon Pertwee,54,12.30%,3,144,Marshal of Solos (the) ,6,1,Career,The Mutants
Jon Pertwee,54,12.30%,3,145,Ogrons ,10,2,Serve big Bad,Day of the Daleks  Frontier in Space
Jon Pertwee,54,12.30%,3,146,Sea Devils,10,2,Capture the Doctor,The Sea Devils  Warriors of the Deep
Jon Pertwee,54,12.30%,3,150,Anti-Matter Organism ,4,1,Serve big Bad,The Three Doctors
Jon Pertwee,54,12.30%,3,153,Gell guards ,4,1,Serve big Bad,The Three Doctors
Jon Pertwee,54,12.30%,3,156,Omega,8,2,Revenge,The Three Doctors  Arc of Infinity
Jon Pertwee,54,12.30%,3,158,BOSS,6,1,Brainwashing,The Green Death
Jon Pertwee,54,12.30%,3,159,Drashigs,4,1,Kill everything,Carnival of Monsters
Jon Pertwee,54,12.30%,3,160,Irongron,4,1,Crime  serve big bad,The Time Warrior
Jon Pertwee,54,12.30%,3,161,Kalik,4,1,Power,Carnival of Monsters
Jon Pertwee,54,12.30%,3,162,Maggot/Giant Maggot,6,1,Kill humans,The Green Death
Jon Pertwee,54,12.30%,3,164,Sontarans,21,9,War  world domination,The Time Warrior  The Sontaran Experiment  The Invasion of Time  The Two Doctors  The Sontaran Stratagem/The Poison Sky  Logopolis  The End of Time  The Pandorica Opens  A Good Man Goes to War
Jon Pertwee,54,12.30%,3,169,Azaxyr,6,1,Power,The Monster of Peladon
Jon Pertwee,54,12.30%,3,170,Eckersley,6,1,World domination,The Monster of Peladon
Jon Pertwee,54,12.30%,3,171,Eight legs,6,1,Serve big Bad,Planet of the Spiders
Jon Pertwee,54,12.30%,3,172,Great One (Giant Spiders of Metebelis III),6,1,Universe domination,Planet of the Spiders
Jon Pertwee,54,12.30%,3,173,Grover  Charles,6,1,Power,Invasion of the Dinosaurs
Jon Pertwee,54,12.30%,3,174,Lupton,6,1,Serve big Bad,Planet of the Spiders
Jon Pertwee,54,12.30%,3,175,Sskel,6,1,Power,The Monster of Peladon
Jon Pertwee,54,12.30%,3,176,Whitaker,6,1,Possess time travel,Invasion of the Dinosaurs
Jon Pertwee,54,12.30%,3,200,Cyber-leader,14,5,Serve big Bad,Revenge of the Cybermen  Earthshock  The Five Doctors  Attack of the Cybermen  Silver Nemesis
Jon Pertwee,54,12.30%,3,217,Borusa,15,4,Immortality,The Deadly Assassin  The Invasion of Time  Arc of Infinity  The Five Doctors
Jon Pertwee,54,12.30%,3,293,Raston Warrior Robot,1,1,Kill everything,The Five Doctors
Jon Pertwee,54,12.30%,3,298,Rassilon,3,2,Power,The Five Doctors  The End of Time
Jon Pertwee,54,12.30%,3,305,Terrible Zodin,3,2,Attack the Doctor,The Five Doctors  Attack of the Cybermen
Jon Pertwee,54,12.30%,3,335,Rani (the),8,3,Enslavement  Medical experimentation,The Mark of the Rani  Dimensions in Time  Time and the Rani
Tom Baker,91,20.73%,4,6,Daleks,104,34,Earth invasion/Human extermination,The Daleks  The Dalek Invasion of Earth  The Chase  Mission to the Unknown  The Daleks Master Plan  The Power of the Daleks  The Evil of the Daleks  Day of the Daleks  Planet of the Daleks  Death to the Daleks  Genesis of the Daleks  Destiny of the Daleks  Resurrection of the Daleks  Revelation of the Daleks  Remembrance of the Daleks  Dalek  Bad Wolf/The Parting of the Ways  Army of Ghosts/Doomsday  Daleks in  Manhattan/Evolution of the Daleks  The Stolen Earth  Journeys End  Victory of the Daleks  The Pandorica Opens  The Big Bang  The Space Museum  The Wheel in Space  The War Games  The Mind of Evil  Frontier in Space  The Five Doctors  Doctor Who  Human Nature  The Waters of Mars  The Beast Below  The Wedding of River Song  Asylum of the Daleks
Tom Baker,91,20.73%,4,31,Dalek Supreme (Supreme Dalek)  inc Progenitor,63,14,Earth invasion/Human extermination,Dalek Invasion of earth  The Daleks Master Plan  The Chase  The Evil of the Daleks  Day of the Daleks  Frontier in Space  Planet of the Daleks  Destiny of the Daleks  Resurrection of the Daleks  Revelation of the Daleks  Remembrance of the Daleks  The Stolen Earth/Journeys End  Victory of the Daleks  The Pandorica Opens
Tom Baker,91,20.73%,4,63,Cybermen,56,24,Earth invasion/Human extermination,The Tenth Planet  The Moonbase  The Tomb of the Cybermen  The Wheel in Space  The Invasion  Revenge of the Cybermen  Earthshock  The Five Doctors  Attack of the Cybermen  Silver Nemesis  Rise of the Cybermen/The Age of Steel  Army of Ghosts/Doomsday  The Next Doctor  The Pandorica Opens  The War Games  The Mind of Evil  Carnival of Monsters  Logopolis  Mawdryn Undead  Dalek  Human Nature  A Good Man Goes to War  Closing Time
Tom Baker,91,20.73%,4,87,Cybermat,15,4,Serve big Bad,Tomb of the Cybermen  Wheel in space  Revenge of the Cybermen  Closing Time
Tom Baker,91,20.73%,4,92,Yeti,13,3,Serve big Bad,The Abominable Snowmen  The Web of Fear  The Five Doctors
Tom Baker,91,20.73%,4,108,Goth (Gothaparduskerialldrapolatkh),14,2,Serve big Bad,The War Lords  The Deadly Assassin
Tom Baker,91,20.73%,4,134,Master (the),84,22,Universe domination,Terror of the Autons The Mind of Evil The Claws of Axos Colony in Space The Demons The Sea Devils The Time Monster Frontier in Space The Deadly Assassin The Keeper of Traken Logopolis Castrovalva Time-Flight The Kings Demons The Five Doctors Planet of Fire The Mark of the Rani The Ultimate Foe Survival Doctor Who Utopia/The Sound of Drums/Last of the Time Lords The End of Time The Caves of Androzani
Tom Baker,91,20.73%,4,165,Sontarans,21,9,War  world domination,The Time Warrior  The Sontaran Experiment  The Invasion of Time  The Two Doctors  The Sontaran Stratagem/The Poison Sky  Logopolis  The End of Time  The Pandorica Opens  A Good Man Goes to War
Tom Baker,91,20.73%,4,177,K1 Robot (Giant Robot),4,1,Mindless destruction,Robot
Tom Baker,91,20.73%,4,178,Winters  Miss,4,1,Blackmail,Robot
Tom Baker,91,20.73%,4,179,Anti-matter monster,4,1,Energy,Planet of Evil
Tom Baker,91,20.73%,4,180,Kellman,4,1,Serve big Bad,Revenge of the Cybermen
Tom Baker,91,20.73%,4,181,Kraal ,4,1,Kill humans,The Android Invasion
Tom Baker,91,20.73%,4,182,Kraal androids,4,1,Serve big Bad,The Android Invasion
Tom Baker,91,20.73%,4,183,Loch Ness Monster (Skarasen),4,1,Serve big Bad,Terror of the Zygons
Tom Baker,91,20.73%,4,184,Mummies (Osirian service robots),4,1,Serve big Bad, Pyramids of Mars
Tom Baker,91,20.73%,4,185,Nyder,6,1,Serve big Bad,Genesis of the Daleks
Tom Baker,91,20.73%,4,186,Scarman  Marcus,4,1,Serve big Bad,Pyramids of Mars
Tom Baker,91,20.73%,4,187,Styggron  Chief scientist,4,1,Medical experiments,The Android Invasion
Tom Baker,91,20.73%,4,188,Sutekh,4,1,Destroy all life,Pyramids of Mars
Tom Baker,91,20.73%,4,189,Wirrn/Wirrrn ,4,1,World domination,The Ark in Space
Tom Baker,91,20.73%,4,190,Broton,4,1,Power,Terror of the Zygons
Tom Baker,91,20.73%,4,191,Zygons,5,2,Invading Earth,Terror of the Zygons  The Power of Three
Tom Baker,91,20.73%,4,193,Davros,22,6,Earth invasion/Human extermination,Genesis of the Daleks  Destiny of the Daleks  Resurrection of the Daleks  Revelation of the Daleks  Remembrance of the Daleks  The Stolen Earth/Journeys End
Tom Baker,91,20.73%,4,201,Cyber-leader,14,5,Serve big Bad,Revenge of the Cybermen  Earthshock  The Five Doctors  Attack of the Cybermen  Silver Nemesis
Tom Baker,91,20.73%,4,205,Chase  Harrison,6,1,Kill humans,The Seeds of Doom
Tom Baker,91,20.73%,4,206,Eldrad,4,1,Control of own alien species,The Hand of Fear
Tom Baker,91,20.73%,4,207,Federico  Count,4,1,Power/ serve big bad,The Masque of Mandragora
Tom Baker,91,20.73%,4,208,Hieronymous,4,1,Power/ serve big bad,The Masque of Mandragora
Tom Baker,91,20.73%,4,209,Krynoids,6,1,World domination,Seeds of Doom
Tom Baker,91,20.73%,4,210,Mandragora Helix,4,1,World domination,The Masque of Mandragora
Tom Baker,91,20.73%,4,211,Mehendri Solon,4,1,Kill the Doctor,The Brain of Morbius
Tom Baker,91,20.73%,4,212,Morbius,4,1,Universe domination,The Brain of Morbius
Tom Baker,91,20.73%,4,213,Scorby ,6,1,Flee England,The seeds of Doom
Tom Baker,91,20.73%,4,214,Solon  Dr Mehendri,4,1,Medical experiments,The Brain of Morbius
Tom Baker,91,20.73%,4,218,Borusa,15,4,Immortality,The Deadly Assassin  The Invasion of Time  Arc of Infinity  The Five Doctors
Tom Baker,91,20.73%,4,220,Capel  Taren,4,1,Kill humans,The Robots of Death
Tom Baker,91,20.73%,4,221,Chang  Li Hsen,6,1,Serve big Bad,Talons of Weng Chiang
Tom Baker,91,20.73%,4,222,Collector (the),4,1,Human dictatorship/enslavement,The Sun Makers
Tom Baker,91,20.73%,4,223,Fendahl (inc Fendahleen),4,1,Devour life,Image of the Fendahl
Tom Baker,91,20.73%,4,224,Greel  Magnus,6,1,Immortality/return to his time,The Talons of Weng-Chiang
Tom Baker,91,20.73%,4,225,Horda,4,1,Kill everything,The Face of Evil
Tom Baker,91,20.73%,4,226,Nucleus,4,1,Disease  infection,The Invisible Enemy
Tom Baker,91,20.73%,4,227,Peking Homunculus (Mr Sin),6,1,Kill humans,Talons of Weng Chiang
Tom Baker,91,20.73%,4,228,Rutans,4,1,War,Horror of Fang Rock
Tom Baker,91,20.73%,4,229,Sin (Mr),6,1,Kill humans,The Talons of Weng-Chiang
Tom Baker,91,20.73%,4,230,Stael  Maximillion,4,1,Serve big Bad,Image of the Fendahl
Tom Baker,91,20.73%,4,231,Super Voc SV7 robot,4,1,Serve big Bad,The Robots of Death
Tom Baker,91,20.73%,4,232,VOC robot,4,1,Serve big Bad,The Robots of Death
Tom Baker,91,20.73%,4,233,Xoanon,4,1,Enslavement,The Face of Evil
Tom Baker,91,20.73%,4,234,Captain (the),4,1,Make money,The Pirate Planet
Tom Baker,91,20.73%,4,235,Cessair of Diplos (The Cailleach/Morgana Montcalm/Senora Camara/Vivien Fay),4,1,Murder/theft,The Stones of Blood
Tom Baker,91,20.73%,4,236,Grendel  Count,4,1,To possess a key,The Androids of Tara
Tom Baker,91,20.73%,4,237,Kroll,4,1,Indiscriminate destruction,The Power of Kroll
Tom Baker,91,20.73%,4,238,Ogri,4,1,Protect,The Stones of Blood
Tom Baker,91,20.73%,4,239,Oracle (the),4,1,Control of alien species,Underworld
Tom Baker,91,20.73%,4,240,Seers,4,1,Serve big Bad,Underworld
Tom Baker,91,20.73%,4,241,Taran androids,4,1,Serve big Bad,The Androids of Tara
Tom Baker,91,20.73%,4,242,Thawn,4,1,Power,The Power of Kroll
Tom Baker,91,20.73%,4,243,Vardan,6,1,Time travelling,The Invasion of Time
Tom Baker,91,20.73%,4,244,Vynda-K  Graff,4,1,Make money,The Ribos Operation
Tom Baker,91,20.73%,4,245,Xanxia  Queen,4,1,Make money,The Pirate Planet
Tom Baker,91,20.73%,4,246,Black Guardian (the),18,5,Wants evil,The Key to Time  Terminus  Mawdryn Undead  Enlightenment  Armageddon factor
Tom Baker,91,20.73%,4,248,Adrasta  Lady,4,1,Mineral wealth,The Creature from the Pit
Tom Baker,91,20.73%,4,249,Dymond,4,1,Crime,Nightmare of Eden
Tom Baker,91,20.73%,4,250,Mandrels,4,1,Kill everything,Nightmare of Eden
Tom Baker,91,20.73%,4,251,Movellans,4,1,War with Daleks,Destiny of the Daleks
Tom Baker,91,20.73%,4,252,Nimon  The,4,1,Continue the Great Journey of life,The Horns of Nimon
Tom Baker,91,20.73%,4,253,Scaroth,4,1,Steal the Mona Lisa to finance experiments,City of Death
Tom Baker,91,20.73%,4,254,Shadow (the),6,1,War,The Armageddon Factor
Tom Baker,91,20.73%,4,255,Sharrel,4,1,Destroy,Destiny of the Daleks
Tom Baker,91,20.73%,4,256,Skagra,6,1,Universe domination,Shada
Tom Baker,91,20.73%,4,257,Soldeed  The,4,1,Rebuild the Skonnan Empire,The Horns of Nimon
Tom Baker,91,20.73%,4,258,Tryst,4,1,Make money,Nightmare of Eden
Tom Baker,91,20.73%,4,259,Wolfweeds,4,1,Serve big Bad,The Creature from the Pit
Tom Baker,91,20.73%,4,260,Marshal of Atrios,6,1,Power,The Armageddon Factor
Tom Baker,91,20.73%,4,261,Aukon (one of Three who rule),4,1,Drink blood  control humans,State of Decay
Tom Baker,91,20.73%,4,262,Camilla (one of Three who rule),4,1,Drink blood  control humans,State of Decay
Tom Baker,91,20.73%,4,263,Foamasi,4,1,Kill humans,The Leisure Hive
Tom Baker,91,20.73%,4,264,Great Vampire,4,1,Absorb planets,State of Decay
Tom Baker,91,20.73%,4,265,Grugger,4,1,Serve big Bad,Meglos
Tom Baker,91,20.73%,4,266,Marshmen,4,1,Defeat the Doctor,Full Circle
Tom Baker,91,20.73%,4,267,Meglos,4,1,Kill the Doctor,Meglos
Tom Baker,91,20.73%,4,268,Pangol,4,1,Conquest,The Leisure Hive
Tom Baker,91,20.73%,4,269,Rorvik,4,1,Slave Trader,Warriors Gate
Tom Baker,91,20.73%,4,270,Three Who Rule,4,1,Kill creatures/control humans,State of Decay
Tom Baker,91,20.73%,4,271,Zargo (one of Three who rule),4,1,Drink blood  control humans,State of Decay
Tom Baker,91,20.73%,4,294,Raston Warrior Robot,1,1,Kill everything,The Five Doctors
Tom Baker,91,20.73%,4,299,Rassilon,3,2,Power,The Five Doctors  The End of Time
Tom Baker,91,20.73%,4,306,Terrible Zodin,3,2,Attack the Doctor,The Five Doctors  Attack of the Cybermen
Tom Baker,91,20.73%,4,336,Rani (the),8,3,Enslavement  Medical experimentation,The Mark of the Rani  Dimensions in Time  Time and the Rani
Peter Davison,49,11.16%,5,7,Daleks,104,34,Earth invasion/Human extermination,The Daleks  The Dalek Invasion of Earth  The Chase  Mission to the Unknown  The Daleks Master Plan  The Power of the Daleks  The Evil of the Daleks  Day of the Daleks  Planet of the Daleks  Death to the Daleks  Genesis of the Daleks  Destiny of the Daleks  Resurrection of the Daleks  Revelation of the Daleks  Remembrance of the Daleks  Dalek  Bad Wolf/The Parting of the Ways  Army of Ghosts/Doomsday  Daleks in  Manhattan/Evolution of the Daleks  The Stolen Earth  Journeys End  Victory of the Daleks  The Pandorica Opens  The Big Bang  The Space Museum  The Wheel in Space  The War Games  The Mind of Evil  Frontier in Space  The Five Doctors  Doctor Who  Human Nature  The Waters of Mars  The Beast Below  The Wedding of River Song  Asylum of the Daleks
Peter Davison,49,11.16%,5,32,Dalek Supreme (Supreme Dalek)  inc Progenitor,63,14,Earth invasion/Human extermination,Dalek Invasion of earth  The Daleks Master Plan  The Chase  The Evil of the Daleks  Day of the Daleks  Frontier in Space  Planet of the Daleks  Destiny of the Daleks  Resurrection of the Daleks  Revelation of the Daleks  Remembrance of the Daleks  The Stolen Earth/Journeys End  Victory of the Daleks  The Pandorica Opens
Peter Davison,49,11.16%,5,64,Cybermen,56,24,Earth invasion/Human extermination,The Tenth Planet  The Moonbase  The Tomb of the Cybermen  The Wheel in Space  The Invasion  Revenge of the Cybermen  Earthshock  The Five Doctors  Attack of the Cybermen  Silver Nemesis  Rise of the Cybermen/The Age of Steel  Army of Ghosts/Doomsday  The Next Doctor  The Pandorica Opens  The War Games  The Mind of Evil  Carnival of Monsters  Logopolis  Mawdryn Undead  Dalek  Human Nature  A Good Man Goes to War  Closing Time
Peter Davison,49,11.16%,5,93,Yeti,13,3,Serve big Bad,The Abominable Snowmen  The Web of Fear  The Five Doctors
Peter Davison,49,11.16%,5,124,Silurians (exc Sea Devils),16,6,World domination,Doctor Who and the Silurians  Warriors of the Deep  The Hungry Earth/Cold Blood  The Pandorica Opens (see Alliance above)  A Good Man Goes to War
Peter Davison,49,11.16%,5,135,Master (the),84,22,Universe domination,Terror of the Autons The Mind of Evil The Claws of Axos Colony in Space The Demons The Sea Devils The Time Monster Frontier in Space The Deadly Assassin The Keeper of Traken Logopolis Castrovalva Time-Flight The Kings Demons The Five Doctors Planet of Fire The Mark of the Rani The Ultimate Foe Survival Doctor Who Utopia/The Sound of Drums/Last of the Time Lords The End of Time The Caves of Androzani
Peter Davison,49,11.16%,5,147,Sea Devils,10,2,Capture the Doctor,The Sea Devils  Warriors of the Deep
Peter Davison,49,11.16%,5,157,Omega,8,2,Revenge,The Three Doctors  Arc of Infinity
Peter Davison,49,11.16%,5,194,Davros,22,6,Earth invasion/Human extermination,Genesis of the Daleks  Destiny of the Daleks  Resurrection of the Daleks  Revelation of the Daleks  Remembrance of the Daleks  The Stolen Earth/Journeys End
Peter Davison,49,11.16%,5,202,Cyber-leader,14,5,Serve big Bad,Revenge of the Cybermen  Earthshock  The Five Doctors  Attack of the Cybermen  Silver Nemesis
Peter Davison,49,11.16%,5,219,Borusa,15,4,Immortality,The Deadly Assassin  The Invasion of Time  Arc of Infinity  The Five Doctors
Peter Davison,49,11.16%,5,247,Black Guardian (the),18,5,Wants evil,The Key to Time  Terminus  Mawdryn Undead  Enlightenment  Armageddon factor
Peter Davison,49,11.16%,5,272,Cranleigh  George,2,1,Kill humans,Black Orchid
Peter Davison,49,11.16%,5,273,Cyberman Android,4,1,Destroy the World,Earthshock
Peter Davison,49,11.16%,5,274,Hindle,4,1,Serve big Bad,Kinda
Peter Davison,49,11.16%,5,275,Mara (the)  (Dukkha),8,2,Feeds off fear,Kinda  Snakedance
Peter Davison,49,11.16%,5,276,Minister (of Enlightment/Persuasion),4,1,Serve big Bad,Four to Doomsday
Peter Davison,49,11.16%,5,277,Monarch,4,1,Power  money,Four to Doomsday
Peter Davison,49,11.16%,5,278,Monarchs androids,4,1,Serve big Bad,Four to Doomsday
Peter Davison,49,11.16%,5,279,Plasmatons,4,1,Serve big Bad,Time-Flight
Peter Davison,49,11.16%,5,280,Terileptils android,4,1,Serve big Bad,The Visitation
Peter Davison,49,11.16%,5,281,Terileptils,4,1,Kill the Doctor,The Visitation
Peter Davison,49,11.16%,5,282,Ergon (the),4,1,Serve big Bad,Arc of Infinity
Peter Davison,49,11.16%,5,283,Eternals,4,1,Amusement  universal control,Enlightenment
Peter Davison,49,11.16%,5,284,Hedin  Councillor,4,1,Viral infection,Arc of Infinity
Peter Davison,49,11.16%,5,285,Kamelion (inc benevolent appearences),6,2,Serve big Bad,The Kings Demons  Planet of Fire
Peter Davison,49,11.16%,5,286,Mansell,4,1,Compete for enlightenment,Enlightenment
Peter Davison,49,11.16%,5,287,Mawdryn,4,1,Kill humans,Mawdryn Undead
Peter Davison,49,11.16%,5,288,Wrack,4,1,Compete for enlightenment,Enlightenment
Peter Davison,49,11.16%,5,289,Lytton  Commander Gustav,4,2,Serve big Bad,Resurrection of the Daleks  Attack of the Cybermen
Peter Davison,49,11.16%,5,295,Raston Warrior Robot,1,1,Kill everything,The Five Doctors
Peter Davison,49,11.16%,5,300,Rassilon,3,2,Power,The Five Doctors  The End of Time
Peter Davison,49,11.16%,5,307,Terrible Zodin,3,2,Attack the Doctor,The Five Doctors  Attack of the Cybermen
Peter Davison,49,11.16%,5,311,Dalek Duplicates,2,1,Serve big Bad,Ressurrection of the Daleks
Peter Davison,49,11.16%,5,312,Gravis,4,1,Kill Humans,Frontios
Peter Davison,49,11.16%,5,313,Hutchinson  Sir George,2,1,Power,The Awakening
Peter Davison,49,11.16%,5,314,Icthar,4,1,Power,Warriors of the Deep
Peter Davison,49,11.16%,5,315,Malus,2,1,Kill other alien species,The Awakening
Peter Davison,49,11.16%,5,316,Myrka (the),4,1,Serve big Bad,Warriors of the Deep
Peter Davison,49,11.16%,5,317,Nilson,4,1,Serve big Bad,Warriors of the Deep
Peter Davison,49,11.16%,5,318,Solow  Dr,4,1,Serve big Bad,Warriors of the Deep
Peter Davison,49,11.16%,5,319,Timanor,4,1,Power,Planet of Fire 
Peter Davison,49,11.16%,5,320,Tractator,4,1,Invading Earth,Frontios
Peter Davison,49,11.16%,5,321,Jek  Sharaz,4,1,Hates Morgus,The Caves of Androzani
Peter Davison,49,11.16%,5,323,Jeks androids,4,1,Serve big Bad,The Caves of Androzani
Peter Davison,49,11.16%,5,325,Morgus  Trau,4,1,Make money,The Caves of Androzani
Peter Davison,49,11.16%,5,328,Stotz,4,1,Make money,The Caves of Androzani
Peter Davison,49,11.16%,5,337,Rani (the),8,3,Enslavement  Medical experimentation,The Mark of the Rani  Dimensions in Time  Time and the Rani
Peter Davison,49,11.16%,5,348,Chessene of the Franzine Grig,3,1,Get a time machine,The Two Doctors
Colin Baker,34,7.74%,6,8,Daleks,104,34,Earth invasion/Human extermination,The Daleks  The Dalek Invasion of Earth  The Chase  Mission to the Unknown  The Daleks Master Plan  The Power of the Daleks  The Evil of the Daleks  Day of the Daleks  Planet of the Daleks  Death to the Daleks  Genesis of the Daleks  Destiny of the Daleks  Resurrection of the Daleks  Revelation of the Daleks  Remembrance of the Daleks  Dalek  Bad Wolf/The Parting of the Ways  Army of Ghosts/Doomsday  Daleks in  Manhattan/Evolution of the Daleks  The Stolen Earth  Journeys End  Victory of the Daleks  The Pandorica Opens  The Big Bang  The Space Museum  The Wheel in Space  The War Games  The Mind of Evil  Frontier in Space  The Five Doctors  Doctor Who  Human Nature  The Waters of Mars  The Beast Below  The Wedding of River Song  Asylum of the Daleks
Colin Baker,34,7.74%,6,33,Dalek Supreme (Supreme Dalek)  inc Progenitor,63,14,Earth invasion/Human extermination,Dalek Invasion of earth  The Daleks Master Plan  The Chase  The Evil of the Daleks  Day of the Daleks  Frontier in Space  Planet of the Daleks  Destiny of the Daleks  Resurrection of the Daleks  Revelation of the Daleks  Remembrance of the Daleks  The Stolen Earth/Journeys End  Victory of the Daleks  The Pandorica Opens
Colin Baker,34,7.74%,6,65,Cybermen,56,24,Earth invasion/Human extermination,The Tenth Planet  The Moonbase  The Tomb of the Cybermen  The Wheel in Space  The Invasion  Revenge of the Cybermen  Earthshock  The Five Doctors  Attack of the Cybermen  Silver Nemesis  Rise of the Cybermen/The Age of Steel  Army of Ghosts/Doomsday  The Next Doctor  The Pandorica Opens  The War Games  The Mind of Evil  Carnival of Monsters  Logopolis  Mawdryn Undead  Dalek  Human Nature  A Good Man Goes to War  Closing Time
Colin Baker,34,7.74%,6,79,Cyber-controller,6,2,Earth invasion/Human extermination,The Tomb of the Cybermen  Attack of the Cybermen
Colin Baker,34,7.74%,6,136,Master (the),84,22,Universe domination,Terror of the Autons The Mind of Evil The Claws of Axos Colony in Space The Demons The Sea Devils The Time Monster Frontier in Space The Deadly Assassin The Keeper of Traken Logopolis Castrovalva Time-Flight The Kings Demons The Five Doctors Planet of Fire The Mark of the Rani The Ultimate Foe Survival Doctor Who Utopia/The Sound of Drums/Last of the Time Lords The End of Time The Caves of Androzani
Colin Baker,34,7.74%,6,166,Sontarans,21,9,War  world domination,The Time Warrior  The Sontaran Experiment  The Invasion of Time  The Two Doctors  The Sontaran Stratagem/The Poison Sky  Logopolis  The End of Time  The Pandorica Opens  A Good Man Goes to War
Colin Baker,34,7.74%,6,195,Davros,22,6,Earth invasion/Human extermination,Genesis of the Daleks  Destiny of the Daleks  Resurrection of the Daleks  Revelation of the Daleks  Remembrance of the Daleks  The Stolen Earth/Journeys End
Colin Baker,34,7.74%,6,203,Cyber-leader,14,5,Serve big Bad,Revenge of the Cybermen  Earthshock  The Five Doctors  Attack of the Cybermen  Silver Nemesis
Colin Baker,34,7.74%,6,290,Lytton  Commander Gustav,4,2,Serve big Bad,Resurrection of the Daleks  Attack of the Cybermen
Colin Baker,34,7.74%,6,308,Terrible Zodin,3,2,Attack the Doctor,The Five Doctors  Attack of the Cybermen
Colin Baker,34,7.74%,6,309,Gastropods,4,1,Serve big Bad, The Twin Dilemma
Colin Baker,34,7.74%,6,310,Mestor,4,1,Dominate the universe,The Twin Dilema
Colin Baker,34,7.74%,6,322,Jek  Sharaz,4,1,Hates Morgus,The Caves of Androzani
Colin Baker,34,7.74%,6,324,Jeks androids,4,1,Serve big Bad,The Caves of Androzani
Colin Baker,34,7.74%,6,326,Morgus  Trau,4,1,Make money,The Caves of Androzani
Colin Baker,34,7.74%,6,329,Stotz,4,1,Make money,The Caves of Androzani
Colin Baker,34,7.74%,6,330,Borad,2,1,Kill humans,Timelash
Colin Baker,34,7.74%,6,331,Karfelon androids,2,1,Serve big Bad,Timelash
Colin Baker,34,7.74%,6,332,Sil,6,2,Exploitation,Vengeance on Varos/Mindwarp
Colin Baker,34,7.74%,6,333,Tekker,2,1,Serve big Bad,Timelash
Colin Baker,34,7.74%,6,334,Quillam,2,1,Experiments on humans,Vengeance on Varos
Colin Baker,34,7.74%,6,338,Rani (the),8,3,Enslavement  Medical experimentation,The Mark of the Rani  Dimensions in Time  Time and the Rani
Colin Baker,34,7.74%,6,341,Dastari  Joinson,3,1,Medical experiments,The Two Doctors
Colin Baker,34,7.74%,6,343,Shockeye of the Quawncing Grig ,3,1,Eat human flesh,The Two Doctors
Colin Baker,34,7.74%,6,345,Stike,3,1,Make time machine,The Two Doctors
Colin Baker,34,7.74%,6,347,Varl,3,1,Possess time travel,The Two Doctors
Colin Baker,34,7.74%,6,349,Dibber,4,1,Self interest,The Mysterious Planet
Colin Baker,34,7.74%,6,350,Drathro (L3 robot),4,1,Protect,The Mysterious Planet
Colin Baker,34,7.74%,6,351,Kiv  Lord,4,1,Make money,Mindwarp
Colin Baker,34,7.74%,6,352,Rudge,4,1,Serve big Bad,Terror of the Vervoids
Colin Baker,34,7.74%,6,353,Valeyard (the),18,3,Kill the Doctor,The Mysterious Planet/The Ultimate Foe  Trial of a Timelord
Colin Baker,34,7.74%,6,354,Vervoids ,4,1,Kill humans,Terror of the Vervoids
Colin Baker,34,7.74%,6,355,L1 robot,4,1,Capture the Doctor,The Mysterious Planet
Colin Baker,34,7.74%,6,356,Glitz  Sabalom,9,3,Self interest,The Mysterious Planet  The Ultimate Foe  Dragonfire
Sylvester McCoy,39,8.88%,7,9,Daleks,104,34,Earth invasion/Human extermination,The Daleks  The Dalek Invasion of Earth  The Chase  Mission to the Unknown  The Daleks Master Plan  The Power of the Daleks  The Evil of the Daleks  Day of the Daleks  Planet of the Daleks  Death to the Daleks  Genesis of the Daleks  Destiny of the Daleks  Resurrection of the Daleks  Revelation of the Daleks  Remembrance of the Daleks  Dalek  Bad Wolf/The Parting of the Ways  Army of Ghosts/Doomsday  Daleks in  Manhattan/Evolution of the Daleks  The Stolen Earth  Journeys End  Victory of the Daleks  The Pandorica Opens  The Big Bang  The Space Museum  The Wheel in Space  The War Games  The Mind of Evil  Frontier in Space  The Five Doctors  Doctor Who  Human Nature  The Waters of Mars  The Beast Below  The Wedding of River Song  Asylum of the Daleks
Sylvester McCoy,39,8.88%,7,34,Dalek Supreme (Supreme Dalek)  inc Progenitor,63,14,Earth invasion/Human extermination,Dalek Invasion of earth  The Daleks Master Plan  The Chase  The Evil of the Daleks  Day of the Daleks  Frontier in Space  Planet of the Daleks  Destiny of the Daleks  Resurrection of the Daleks  Revelation of the Daleks  Remembrance of the Daleks  The Stolen Earth/Journeys End  Victory of the Daleks  The Pandorica Opens
Sylvester McCoy,39,8.88%,7,66,Cybermen,56,24,Earth invasion/Human extermination,The Tenth Planet  The Moonbase  The Tomb of the Cybermen  The Wheel in Space  The Invasion  Revenge of the Cybermen  Earthshock  The Five Doctors  Attack of the Cybermen  Silver Nemesis  Rise of the Cybermen/The Age of Steel  Army of Ghosts/Doomsday  The Next Doctor  The Pandorica Opens  The War Games  The Mind of Evil  Carnival of Monsters  Logopolis  Mawdryn Undead  Dalek  Human Nature  A Good Man Goes to War  Closing Time
Sylvester McCoy,39,8.88%,7,137,Master (the),84,22,Universe domination,Terror of the Autons The Mind of Evil The Claws of Axos Colony in Space The Demons The Sea Devils The Time Monster Frontier in Space The Deadly Assassin The Keeper of Traken Logopolis Castrovalva Time-Flight The Kings Demons The Five Doctors Planet of Fire The Mark of the Rani The Ultimate Foe Survival Doctor Who Utopia/The Sound of Drums/Last of the Time Lords The End of Time The Caves of Androzani
Sylvester McCoy,39,8.88%,7,196,Davros,22,6,Earth invasion/Human extermination,Genesis of the Daleks  Destiny of the Daleks  Resurrection of the Daleks  Revelation of the Daleks  Remembrance of the Daleks  The Stolen Earth/Journeys End
Sylvester McCoy,39,8.88%,7,204,Cyber-leader,14,5,Serve big Bad,Revenge of the Cybermen  Earthshock  The Five Doctors  Attack of the Cybermen  Silver Nemesis
Sylvester McCoy,39,8.88%,7,339,Rani (the),8,3,Enslavement  Medical experimentation,The Mark of the Rani  Dimensions in Time  Time and the Rani
Sylvester McCoy,39,8.88%,7,357,Glitz  Sabalom,9,3,Self interest,The Mysterious Planet  The Ultimate Foe  Dragonfire
Sylvester McCoy,39,8.88%,7,358,Bannermen,3,1,World domination,Delta and the Bannermen
Sylvester McCoy,39,8.88%,7,359,Chief Caretaker,4,1,Kill humans,Paradise Towers
Sylvester McCoy,39,8.88%,7,360,Kane,3,1,Kill another alien species,Dragon Fire
Sylvester McCoy,39,8.88%,7,361,Kroagnon,4,1,Kill humans,Paradise Towers
Sylvester McCoy,39,8.88%,7,362,Robotic cleaners,4,1,Serve big Bad,Paradise Towers
Sylvester McCoy,39,8.88%,7,363,Robotic crab,4,1,Serve big Bad,Paradise Towers
Sylvester McCoy,39,8.88%,7,364,Tetrap,4,1,Dominate the universe,Time and the Rani
Sylvester McCoy,39,8.88%,7,365,Association (the),4,1,Fascist stooge,Rememberance of the Daleks
Sylvester McCoy,39,8.88%,7,366,Chief Clown,4,1,Serve big Bad,The Greatest Show in the Galaxy
Sylvester McCoy,39,8.88%,7,367,De Flores,3,1,Human dictatorship  establish fourth reich,Silver Nemisis
Sylvester McCoy,39,8.88%,7,368,De Flores,3,1,Fascist stooge,Silver Nemesis
Sylvester McCoy,39,8.88%,7,369,Happiness Patrol (the),3,1,Serve big Bad,The Happiness Patrol
Sylvester McCoy,39,8.88%,7,370,Helen A,3,1,Human dictatorship/enslavement,The Happiness Patrol
Sylvester McCoy,39,8.88%,7,371,Kandyman,3,1,Dictatorship/enslavement,The Happiness Patrol
Sylvester McCoy,39,8.88%,7,372,Neo-Nazis  Windsor,3,1,Fascist stooge,Silver Nemesis
Sylvester McCoy,39,8.88%,7,373,Peinforte  Lady,3,1,Wanted ownership of a weapon,Silver Nemesis
Sylvester McCoy,39,8.88%,7,374,Ratcliffe  George,4,1,Ally with the Nazis,Rememberance of the Daleks
Sylvester McCoy,39,8.88%,7,375,Cheetah people,3,1,Serve big Bad,Survival
Sylvester McCoy,39,8.88%,7,376,Clown robots,4,1,Serve big Bad,The Greatest Show in the Galaxy
Sylvester McCoy,39,8.88%,7,377,Destroyer,4,1,Defeat the Doctor,Battlefield
Sylvester McCoy,39,8.88%,7,378,Fenric,4,1,Control Humans,The Curse of Fenric
Sylvester McCoy,39,8.88%,7,379,Gavrok,4,1,Kill another alien species,The Greatest Show in the Galaxy
Sylvester McCoy,39,8.88%,7,380,Gods of Ragnarok,4,1,Kill alien species/enslavement,The Greatest Show in the Galaxy
Sylvester McCoy,39,8.88%,7,381,Haemovores (inc Ancient One),4,1,Serve big Bad,The Curse of Fenric
Sylvester McCoy,39,8.88%,7,382,Ingiger,4,1,Control alien species,The Curse of Fenric
Sylvester McCoy,39,8.88%,7,383,Light,3,1,Destroy all life,Ghost Light
Sylvester McCoy,39,8.88%,7,384,Millington  Commander AH,4,1,Serve big Bad,The Curse of Fenric
Sylvester McCoy,39,8.88%,7,385,Mordred,4,1,Power,Battlefield
Sylvester McCoy,39,8.88%,7,386,Morgaine,4,1,War,Battlefield
Sylvester McCoy,39,8.88%,7,387,Smith Josiah Samuel (Survey),3,1,Destroy all life,Ghost Light
Sylvester McCoy,39,8.88%,7,388,San Francisco street gang,1,1,Turf war (shoots doctor),Doctor Who (TV movie)
Paul McGann,2,0.46%,8,138,Master (the),84,22,Universe domination,Terror of the Autons The Mind of Evil The Claws of Axos Colony in Space The Demons The Sea Devils The Time Monster Frontier in Space The Deadly Assassin The Keeper of Traken Logopolis Castrovalva Time-Flight The Kings Demons The Five Doctors Planet of Fire The Mark of the Rani The Ultimate Foe Survival Doctor Who Utopia/The Sound of Drums/Last of the Time Lords The End of Time The Caves of Androzani
Paul McGann,2,0.46%,8,389,San Francisco street gang,1,1,Turf war (shoots doctor),Doctor Who (TV movie)
Christopher Eccleston,25,5.69%,9,10,Daleks,104,34,Earth invasion/Human extermination,The Daleks  The Dalek Invasion of Earth  The Chase  Mission to the Unknown  The Daleks Master Plan  The Power of the Daleks  The Evil of the Daleks  Day of the Daleks  Planet of the Daleks  Death to the Daleks  Genesis of the Daleks  Destiny of the Daleks  Resurrection of the Daleks  Revelation of the Daleks  Remembrance of the Daleks  Dalek  Bad Wolf/The Parting of the Ways  Army of Ghosts/Doomsday  Daleks in  Manhattan/Evolution of the Daleks  The Stolen Earth  Journeys End  Victory of the Daleks  The Pandorica Opens  The Big Bang  The Space Museum  The Wheel in Space  The War Games  The Mind of Evil  Frontier in Space  The Five Doctors  Doctor Who  Human Nature  The Waters of Mars  The Beast Below  The Wedding of River Song  Asylum of the Daleks
Christopher Eccleston,25,5.69%,9,114,Nestene Consciousness,9,3,Universe domination,Spearhead from Space/Terror of the Autons/Rose
Christopher Eccleston,25,5.69%,9,121,Autons (Marcellas  Commander and Claudio),11,4,Defeat the Doctor,Terror of the Autons  Spearhead from Space  Rose  The Pandorica Opens/The Big Bang  Love & Monsters
Christopher Eccleston,25,5.69%,9,390,Adherents of the Repeated Meme,1,1,Serve big Bad,The End of the World
Christopher Eccleston,25,5.69%,9,391,Automated Corpse,1,1,Serve big Bad,The Long Game
Christopher Eccleston,25,5.69%,9,392,Charles  Oliver,1,1,Kill politician,Aliens of London
Christopher Eccleston,25,5.69%,9,393,Davinadroid,1,1,Control Humans,Bad Wolf
Christopher Eccleston,25,5.69%,9,394,Editor,1,1,Control Humans,The Long Game
Christopher Eccleston,25,5.69%,9,395,Empty Child,2,1,Kill humans,The Empty Child/The Doctor Dances
Christopher Eccleston,25,5.69%,9,396,Gelth (the)/Gelth Ambassador,1,1,World domination,The Unquiet Dead
Christopher Eccleston,25,5.69%,9,397,Green  Joseph,2,1,Cause World War Three,Aliens of London/World War Three
Christopher Eccleston,25,5.69%,9,398,Jagrafess,1,1,Control Humans,The Long Game
Christopher Eccleston,25,5.69%,9,399,James  Tennant,1,1,Power,World War Three 
Christopher Eccleston,25,5.69%,9,400,McAllister  Ewan,1,1,Serve big Bad,World War Three 
Christopher Eccleston,25,5.69%,9,401,Metal Spiders,1,1,Serve big Bad,The End of the World
Christopher Eccleston,25,5.69%,9,402,Reapers,1,1,Sterilise time disturbances, Fathers Day
Christopher Eccleston,25,5.69%,9,403,Slitheen (Strickland  Margaret Blaine and Oliver Charles),3,2,World domination  kill humans,Aliens of London/World War Three  Boom Town
Christopher Eccleston,25,5.69%,9,404,Sneed  Gabriel,1,1,Self interest,The Unquiet Dead
Christopher Eccleston,25,5.69%,9,405,Surgeons,1,1,Serve big Bad,The End of the World
Christopher Eccleston,25,5.69%,9,406,Trin-E,1,1,Serve big Bad,Bad Wolf
Christopher Eccleston,25,5.69%,9,407,van Statten  Henry,1,1,Corruption,Dalek
Christopher Eccleston,25,5.69%,9,408,Zu-Zana,1,1,Serve big Bad,Bad Wolf
Christopher Eccleston,25,5.69%,9,409,Cassandra  Lady (Cassandra Obrien),2,2,Make money,The End of the World/New Earth
Christopher Eccleston,25,5.69%,9,411,Droid  Anne ,2,2,Kill humans,Bad Wolf  The Parting of the Ways
Christopher Eccleston,25,5.69%,9,413,Rodrick,2,2,money (prize money),Bad Wolf  Parting of the Ways
David Tennant,105,23.92%,10,11,Daleks,104,34,Earth invasion/Human extermination,The Daleks  The Dalek Invasion of Earth  The Chase  Mission to the Unknown  The Daleks Master Plan  The Power of the Daleks  The Evil of the Daleks  Day of the Daleks  Planet of the Daleks  Death to the Daleks  Genesis of the Daleks  Destiny of the Daleks  Resurrection of the Daleks  Revelation of the Daleks  Remembrance of the Daleks  Dalek  Bad Wolf/The Parting of the Ways  Army of Ghosts/Doomsday  Daleks in  Manhattan/Evolution of the Daleks  The Stolen Earth  Journeys End  Victory of the Daleks  The Pandorica Opens  The Big Bang  The Space Museum  The Wheel in Space  The War Games  The Mind of Evil  Frontier in Space  The Five Doctors  Doctor Who  Human Nature  The Waters of Mars  The Beast Below  The Wedding of River Song  Asylum of the Daleks
David Tennant,105,23.92%,10,35,Dalek Supreme (Supreme Dalek)  inc Progenitor,63,14,Earth invasion/Human extermination,Dalek Invasion of earth  The Daleks Master Plan  The Chase  The Evil of the Daleks  Day of the Daleks  Frontier in Space  Planet of the Daleks  Destiny of the Daleks  Resurrection of the Daleks  Revelation of the Daleks  Remembrance of the Daleks  The Stolen Earth/Journeys End  Victory of the Daleks  The Pandorica Opens
David Tennant,105,23.92%,10,67,Cybermen,56,24,Earth invasion/Human extermination,The Tenth Planet  The Moonbase  The Tomb of the Cybermen  The Wheel in Space  The Invasion  Revenge of the Cybermen  Earthshock  The Five Doctors  Attack of the Cybermen  Silver Nemesis  Rise of the Cybermen/The Age of Steel  Army of Ghosts/Doomsday  The Next Doctor  The Pandorica Opens  The War Games  The Mind of Evil  Carnival of Monsters  Logopolis  Mawdryn Undead  Dalek  Human Nature  A Good Man Goes to War  Closing Time
David Tennant,105,23.92%,10,81,Macra (the),5,2,Kill everything,The Macra Terror  Gridlock
David Tennant,105,23.92%,10,139,Master (the),84,22,Universe domination,Terror of the Autons The Mind of Evil The Claws of Axos Colony in Space The Demons The Sea Devils The Time Monster Frontier in Space The Deadly Assassin The Keeper of Traken Logopolis Castrovalva Time-Flight The Kings Demons The Five Doctors Planet of Fire The Mark of the Rani The Ultimate Foe Survival Doctor Who Utopia/The Sound of Drums/Last of the Time Lords The End of Time The Caves of Androzani
David Tennant,105,23.92%,10,167,Sontarans,21,9,War  world domination,The Time Warrior  The Sontaran Experiment  The Invasion of Time  The Two Doctors  The Sontaran Stratagem/The Poison Sky  Logopolis  The End of Time  The Pandorica Opens  A Good Man Goes to War
David Tennant,105,23.92%,10,197,Davros,22,6,Earth invasion/Human extermination,Genesis of the Daleks  Destiny of the Daleks  Resurrection of the Daleks  Revelation of the Daleks  Remembrance of the Daleks  The Stolen Earth/Journeys End
David Tennant,105,23.92%,10,301,Rassilon,3,2,Power,The Five Doctors  The End of Time
David Tennant,105,23.92%,10,410,Cassandra  Lady (Cassandra Obrien),2,2,Make money,The End of the World/New Earth
David Tennant,105,23.92%,10,412,Droid  Anne ,2,2,Kill humans,Bad Wolf  The Parting of the Ways
David Tennant,105,23.92%,10,414,Rodrick,2,2,money (prize money),Bad Wolf  Parting of the Ways
David Tennant,105,23.92%,10,415,Roboforms,3,3,Scavengers/Imprison the Doctor,The Christmas Invasion  The Runaway Bride  The Pandorica Opens (see Alliance above)
David Tennant,105,23.92%,10,416,Sycorax (Fadros Pullujikaa),2,2,World domination,The Christmas Invasion (also see Alliance above)
David Tennant,105,23.92%,10,418,Abzorbaloff (Victor Kennedy),1,1,Kill humans,Love and Monsters
David Tennant,105,23.92%,10,419,Beast (the),2,1,Satan Figure,The Impossible Planet/The Satan Pit
David Tennant,105,23.92%,10,420,Brethren (the)  inc Father Angelo,1,1,Serve big Bad,Tooth and Claw
David Tennant,105,23.92%,10,421,Casp  Matron,2,2,Medical experiments,New Earth/Gridlock
David Tennant,105,23.92%,10,422,Catkind (Sisters of Plenitude)  exc Novice Hame,1,1,Experiments on humans,New Earth
David Tennant,105,23.92%,10,423,Chip,1,1,Serve big Bad,New Earth
David Tennant,105,23.92%,10,424,Clockwork Repair Droids,1,1,Take brain  repair ship,The Girl in the Fireplace
David Tennant,105,23.92%,10,425,Corvin,1,1,Medical experiments,New Earth
David Tennant,105,23.92%,10,426,Crane (Mr),2,1,Serve big Bad,Raise of the Cybermen/The Age of Steel
David Tennant,105,23.92%,10,427,Cult of Skaro (inc Dalek Sec and three others) ,4,2,Earth invasion/Human extermination/Human-Dalek hybrid,Army of Ghosts/Doomsday  Daleks in Manhattan/Evolution of the Daleks
David Tennant,105,23.92%,10,428,Father Angelo,1,1,Kill humans,Tooth and Claw
David Tennant,105,23.92%,10,429,Finch  Mr (Lassar),1,1,Kill humans,School Reunion
David Tennant,105,23.92%,10,430,Hartman  Yvonne,2,1,Assist Cybermen,Army of Ghosts/Doomsday
David Tennant,105,23.92%,10,431,Host (the),1,1,Kill everything,Tooth and Claw
David Tennant,105,23.92%,10,432,Isolus flowers (Scribble Monster),1,1,Self interest,Fear Her
David Tennant,105,23.92%,10,433,Jackson (Mrs),1,1,Dominate the universe,School Reunion
David Tennant,105,23.92%,10,434,Lumic  John,2,1,Immortality  medical experiments  kill humans,Rise of the Cybermen/The Age of Steel
David Tennant,105,23.92%,10,435,Lupine Wavelength Haemovariform (werewolf),1,1,Kill everything,Tooth and Claw
David Tennant,105,23.92%,10,436,New Humans,2,2,Sabotage,New Earth  Gridlock
David Tennant,105,23.92%,10,437,Racnoss  Empress of the,1,1,Kill humans,The Runaway Bride
David Tennant,105,23.92%,10,438,Sisters of Plenitude (Hame  Jaff),2,2,Power  experimented on humans,New Earth  Gridlock
David Tennant,105,23.92%,10,439,Wagner,1,1,Control time and the universe,School Reunion
David Tennant,105,23.92%,10,440,Wire (the),1,1,Erase thoughts,The Idiots Lantern
David Tennant,105,23.92%,10,441,Angelo,1,1,Create new empire,Tooth and Claw
David Tennant,105,23.92%,10,442,Magpie (Mr),1,1,Career,The Idiots Lantern
David Tennant,105,23.92%,10,443,Hoix,2,2,Consume everything/Imprison the Doctor,Love and Monsters (cameo)  The Pandorica Opens (see Alliance above)
David Tennant,105,23.92%,10,445,Ood  the (Oodkind)  inc benevolent appearances,6,4,Serve big Bad,The Impossible Planet/The Satan Pit  Planet of the Ood  The Waters of Mars  Human Nature
David Tennant,105,23.92%,10,447,Baltazar,13,1,Kill life on earth/make money,The Infinite Quest 
David Tennant,105,23.92%,10,448,Bloodtide,1,1,Serve big Bad,The Shakespeare Code
David Tennant,105,23.92%,10,449,Capricorn  Max,1,1,Bankrupt company,Voyage of the Damned
David Tennant,105,23.92%,10,450,Carrionites,1,1,World domination,The Shakespeare Code
David Tennant,105,23.92%,10,451,Caw ,13,1,Gold,The Infinite Quest 
David Tennant,105,23.92%,10,452,Daughter of Mine,2,1,Infiltrate places,Human Nature/The Family of Blood
David Tennant,105,23.92%,10,453,Dexter,2,2,Locate the Doctor and his companions,42  The Sound of Drums
David Tennant,105,23.92%,10,454,Diagoras (Mr),1,1,Run New York city,Daleks in Manhatten
David Tennant,105,23.92%,10,455,Family of Blood,2,1,Kill/take control of humans and the Doctor,Human Nature/The Family of Blood
David Tennant,105,23.92%,10,456,Futurekind,1,1,Kill humans,Utopia
David Tennant,105,23.92%,10,457,Gurney  Constantine Ethelred,13,1,Larceny  blackmail and fraud,The Infinite Quest 
David Tennant,105,23.92%,10,458,Hardaker,1,1,Serve big Bad,Voyage of the Damned
David Tennant,105,23.92%,10,459,Heavenly Host ,1,1,Serve big Bad,Voyage of the Damned
David Tennant,105,23.92%,10,460,Kaliko (swabb),2,1,Steal oil  make money,The Infinite Quest 
David Tennant,105,23.92%,10,461,Lazarus  Professor Richard,1,1,Kill humans,The Lazarus Experiment
David Tennant,105,23.92%,10,462,Lilith,1,1,Control Humans,The Shakespeare Code
David Tennant,105,23.92%,10,463,Lok,13,1,Kill humans,The Infinite Quest 
David Tennant,105,23.92%,10,464,Mantasphid Queen,13,1,Power,The Infinite Quest 
David Tennant,105,23.92%,10,465,Mysterious Man,1,1,Power/ serve big bad,The Hazarus Experiment
David Tennant,105,23.92%,10,466,Oil Rig,13,1,Drain oil from planets  make money,The Infinite Quest 
David Tennant,105,23.92%,10,467,Pig Slave,2,2,Kill humans,Daleks in Manhatten  Evolution of the Daleks
David Tennant,105,23.92%,10,468,Plasmavores (Florence Finnegan),1,1,Drink blood,Smithand Jones
David Tennant,105,23.92%,10,469,Saxon  Lucy,4,2,Serve big Bad,The End of time  The Sound of Drums/Last of the Time Lords
David Tennant,105,23.92%,10,470,Skeleton Crew ,13,1,Self interest,The Infinite Quest 
David Tennant,105,23.92%,10,471,Slab,1,1,Serve big Bad,Smithand Jones
David Tennant,105,23.92%,10,472,Squawk,13,1,Serve big Bad,The Infinite Quest 
David Tennant,105,23.92%,10,473,Toclafane,2,1,Self interest,The Sound of the Drums/Last of the Time Lords
David Tennant,105,23.92%,10,474,Torajii System Sun,1,1,Possess crew members,42
David Tennant,105,23.92%,10,475,Ulysees Meregrass,13,1,Make money,The Infinite Quest
David Tennant,105,23.92%,10,476,Judoon,3,3,Obey bureaucracy,Smith& Jones  The Stolen Earth  The Pandorica Opens (see Alliance above)
David Tennant,105,23.92%,10,478,Weeping Angels,4,3,Kill  trap in time,Blink  The Time of Angels/Flesh and Stone  The Angels Take Manhattan
David Tennant,105,23.92%,10,480,Adipose Industries ,1,1,Control the World,Partners in Crime
David Tennant,105,23.92%,10,481,Cobb  General,1,1,War,The Doctors Daughter
David Tennant,105,23.92%,10,482,Cofelia  Matron (Miss Foster),1,1,Reproduce,Partners in Crime
David Tennant,105,23.92%,10,483,Cybershades,1,1,Serve big Bad, The Next Doctor
David Tennant,105,23.92%,10,484,Dextrus  Lucias Petrus,1,1,Dominate the world,The Fires of Pompeii
David Tennant,105,23.92%,10,485,Gray  Steve,2,1,Serve big Bad,The Sontaran Stratagem/The Poison Sky
David Tennant,105,23.92%,10,486,Halpen  Klineman,1,1,Kill an alien species,Planet of the Ood
David Tennant,105,23.92%,10,487,Harris  Private Carl,2,1,Serve big Bad,The Sontaran Stratagem/The Poison Sky
David Tennant,105,23.92%,10,488,Hartigan  Mercy,1,1,Human dictatorship/enslavement,The Next Doctor
David Tennant,105,23.92%,10,489,Hath,1,1,War,The Doctors Daughter
David Tennant,105,23.92%,10,490,Kess,1,1,Power,Planet of the Ood
David Tennant,105,23.92%,10,491,Krillitane,1,1,Self interest,School Reunion
David Tennant,105,23.92%,10,492,Martha Jones- Clone,2,1,Serve big Bad,The Sontaran Stratagem/The Poison Sky
David Tennant,105,23.92%,10,493,Midnight Entity,1,1,Survival,Midnight
David Tennant,105,23.92%,10,494,Pyroviles,1,1,World domination,The Fires of Pompeii
David Tennant,105,23.92%,10,495,Rattigan  Luke,2,1,World domination,The Sontaran Stratagem/The Poison Sky
David Tennant,105,23.92%,10,496,Staal,2,1,World domination,The Sontaran Stratagem/The Poison Sky
David Tennant,105,23.92%,10,497,Time Beetle,1,1,Meddle with time  creating parallel universes,Turn Left
David Tennant,105,23.92%,10,498,Unicorn (the),1,1,steal jewels,The Unicorn and the Wasp
David Tennant,105,23.92%,10,499,Vashta Nerada,2,1,Consume lifeforms,Silence in the Library/Forest of the Dead
David Tennant,105,23.92%,10,500,Vespiforms,1,1,Research  not in control of powers,The Unicorn and the Wasp
David Tennant,105,23.92%,10,501,Fortune Teller,1,1,Manipulating the past,Turn Left
David Tennant,105,23.92%,10,502,Golightly  Arnold,1,1,Kill humans,The Unicorn and the Wasp
David Tennant,105,23.92%,10,503,Alliance of Shades (Mister Dread),9,1,Hide alien activities,Dreamland
David Tennant,105,23.92%,10,504,Azlok,7,1,Invading Earth,Dreamland
David Tennant,105,23.92%,10,505,Flood (the),1,1,Viral infection, The Waters of Mars
David Tennant,105,23.92%,10,506,MacMillan (DI),1,1,Career,Planet of the Dead
David Tennant,105,23.92%,10,507,Red Carnivorous Maw,2,1,World domination,The End of Time
David Tennant,105,23.92%,10,508,Skorpius Flies,7,1,Self interest,Dreamland
David Tennant,105,23.92%,10,509,Stark  Colonel,7,1,Power  Kill humans,Dreamland
David Tennant,105,23.92%,10,510,Stingray,1,1,Self interest,Planet of the Dead
David Tennant,105,23.92%,10,511,Swarm (Alien Stingray),1,1,Destroy all life,Planet of the Dead
David Tennant,105,23.92%,10,512,Viperox,7,1,Hunt/invade,Dreamland
David Tennant,105,23.92%,10,513,NaiSmith Joshua,2,1,Immortality,The End of Time
Matt Smith,58,13.21%,11,12,Daleks,104,34,Earth invasion/Human extermination,The Daleks  The Dalek Invasion of Earth  The Chase  Mission to the Unknown  The Daleks Master Plan  The Power of the Daleks  The Evil of the Daleks  Day of the Daleks  Planet of the Daleks  Death to the Daleks  Genesis of the Daleks  Destiny of the Daleks  Resurrection of the Daleks  Revelation of the Daleks  Remembrance of the Daleks  Dalek  Bad Wolf/The Parting of the Ways  Army of Ghosts/Doomsday  Daleks in  Manhattan/Evolution of the Daleks  The Stolen Earth  Journeys End  Victory of the Daleks  The Pandorica Opens  The Big Bang  The Space Museum  The Wheel in Space  The War Games  The Mind of Evil  Frontier in Space  The Five Doctors  Doctor Who  Human Nature  The Waters of Mars  The Beast Below  The Wedding of River Song  Asylum of the Daleks
Matt Smith,58,13.21%,11,36,Dalek Supreme (Supreme Dalek)  inc Progenitor,63,14,Earth invasion/Human extermination,Dalek Invasion of earth  The Daleks Master Plan  The Chase  The Evil of the Daleks  Day of the Daleks  Frontier in Space  Planet of the Daleks  Destiny of the Daleks  Resurrection of the Daleks  Revelation of the Daleks  Remembrance of the Daleks  The Stolen Earth/Journeys End  Victory of the Daleks  The Pandorica Opens
Matt Smith,58,13.21%,11,68,Cybermen,56,24,Earth invasion/Human extermination,The Tenth Planet  The Moonbase  The Tomb of the Cybermen  The Wheel in Space  The Invasion  Revenge of the Cybermen  Earthshock  The Five Doctors  Attack of the Cybermen  Silver Nemesis  Rise of the Cybermen/The Age of Steel  Army of Ghosts/Doomsday  The Next Doctor  The Pandorica Opens  The War Games  The Mind of Evil  Carnival of Monsters  Logopolis  Mawdryn Undead  Dalek  Human Nature  A Good Man Goes to War  Closing Time
Matt Smith,58,13.21%,11,85,Great Intelligence  the (Yog-Sothoth),13,3,World domination,The Abominable Snowmen/The Web of Fear  The Snowmen
Matt Smith,58,13.21%,11,88,Cybermat,15,4,Serve big Bad,Tomb of the Cybermen  Wheel in space  Revenge of the Cybermen  Closing Time
Matt Smith,58,13.21%,11,122,Autons (Marcellas  Commander and Claudio),11,4,Defeat the Doctor,Terror of the Autons  Spearhead from Space  Rose  The Pandorica Opens/The Big Bang  Love & Monsters
Matt Smith,58,13.21%,11,125,Silurians (exc Sea Devils),16,6,World domination,Doctor Who and the Silurians  Warriors of the Deep  The Hungry Earth/Cold Blood  The Pandorica Opens (see Alliance above)  A Good Man Goes to War
Matt Smith,58,13.21%,11,168,Sontarans,21,9,War  world domination,The Time Warrior  The Sontaran Experiment  The Invasion of Time  The Two Doctors  The Sontaran Stratagem/The Poison Sky  Logopolis  The End of Time  The Pandorica Opens  A Good Man Goes to War
Matt Smith,58,13.21%,11,192,Zygons,5,2,Invading Earth,Terror of the Zygons  The Power of Three
Matt Smith,58,13.21%,11,302,Rassilon,3,2,Power,The Five Doctors  The End of Time
Matt Smith,58,13.21%,11,417,Sycorax (Fadros Pullujikaa),2,2,World domination,The Christmas Invasion (also see Alliance above)
Matt Smith,58,13.21%,11,444,Hoix,2,2,Consume everything/Imprison the Doctor,Love and Monsters (cameo)  The Pandorica Opens (see Alliance above)
Matt Smith,58,13.21%,11,446,Ood  the (Oodkind)  inc benevolent appearances,6,4,Serve big Bad,The Impossible Planet/The Satan Pit  Planet of the Ood  The Waters of Mars  Human Nature
Matt Smith,58,13.21%,11,477,Judoon,3,3,Obey bureaucracy,Smith& Jones  The Stolen Earth  The Pandorica Opens (see Alliance above)
Matt Smith,58,13.21%,11,479,Weeping Angels,4,3,Kill  trap in time,Blink  The Time of Angels/Flesh and Stone  The Angels Take Manhattan
Matt Smith,58,13.21%,11,514,NaiSmith Joshua,2,1,Immortality,The End of Time
Matt Smith,58,13.21%,11,515,Alaya,2,1,Capture humans,The Hungry Earth/Cold Blood
Matt Smith,58,13.21%,11,516,Alliance - Daleks  Cybermen  Sontarans  Autons Silurians  Sycorax  Judoon  Hoix  Roboforms Blowfish  Uvodni  Weevils,1,1,Imprison the Doctor,The Pandorica Opens
Matt Smith,58,13.21%,11,517,Angel Bob,2,1,Kill humans,The Time of Angels/Flesh and Stone
Matt Smith,58,13.21%,11,518,Atraxi,2,2,World domination,The Eleventh Hour  The Pandorica Opens
Matt Smith,58,13.21%,11,519,Blowfish,1,1,Imprison the Doctor,The Pandorica Opens (see Alliance above)
Matt Smith,58,13.21%,11,520,Calvierri  Signora Rosanna,1,1,Reproduce,The Vampires of Venice
Matt Smith,58,13.21%,11,521,Carlo ,1,1,Serve big Bad,The Vampires of Venice
Matt Smith,58,13.21%,11,522,Dream Lord,1,1,Defeat the Doctor,Amys Choice
Matt Smith,58,13.21%,11,523,Eknodine,1,1,Control humans  survival,Amys Choice
Matt Smith,58,13.21%,11,524,Francesco,1,1,Serve big Bad,The Vampires of Venice
Matt Smith,58,13.21%,11,525,Hawthorne,1,1,Power,The Beast Below
Matt Smith,58,13.21%,11,526,Krafayis,1,1,Hunt  ,Vincent and the Doctor
Matt Smith,58,13.21%,11,527,Number 79B  Alckman Road,1,1,Capture humans,The Lodger
Matt Smith,58,13.21%,11,528,Poggit (Mrs),1,1,Serve big Bad,Amys Choice
Matt Smith,58,13.21%,11,529,Prisoner Zero,1,1,Fugitive,The Eleventh Hour
Matt Smith,58,13.21%,11,530,Restac,1,1,World domination,Cold Blood
Matt Smith,58,13.21%,11,531,Saturnynians,1,1,World domination,The Vampires of Venice
Matt Smith,58,13.21%,11,532,Smilers (Winders),1,1,Serve big Bad,The Beast Below
Matt Smith,58,13.21%,11,533,Uvodni,1,1,Imprison the Doctor,The Pandorica Opens (see Alliance above)
Matt Smith,58,13.21%,11,534,Weevils,1,1,Imprison the Doctor,The Pandorica Opens (see Alliance above)
Matt Smith,58,13.21%,11,535,Winder ,1,1,Protect ,The Beast Below
Matt Smith,58,13.21%,11,536,Gantok,1,1,Serve big Bad,The Wedding of River Song
Matt Smith,58,13.21%,11,537,Handbots,1,1,Kill with kindness,The girl who waited
Matt Smith,58,13.21%,11,538,Headless Monks,1,1,Serve big Bad,A Good Man Goes to War
Matt Smith,58,13.21%,11,539,House,1,1,Absorb planets,The Doctors Wife
Matt Smith,58,13.21%,11,540,Justice Department  The,1,1,Kill the Doctor,Lets Kill Hitler
Matt Smith,58,13.21%,11,541,Kovarian  Madame,5,4,Kill Doctor and companions,Day of the Moon  The Curse of the Black Spot  The Rebel Flesh/The Almost People  A Good Man Goes to War  The Wedding of River Song
Matt Smith,58,13.21%,11,542,Manton  Colonel,1,1,Kill Doctor and companions,A Good Man Goes to War
Matt Smith,58,13.21%,11,543,Minotaur  The,1,1,Feed on beliefs,The God complex
Matt Smith,58,13.21%,11,544,Peg dolls,1,1,Turn humans into dolls,Night terrors
Matt Smith,58,13.21%,11,545,Pond  Melody (before redemption),1,1,Serve big Bad,Lets Kill Hitler
Matt Smith,58,13.21%,11,546,Silence (the),4,3,World domination,The Impossible Astronaut/Day of the Moon  Lets Kill Hitler  The Wedding of River Song
Matt Smith,58,13.21%,11,547,Teselecta,1,1,Serve big Bad,Lets Kill Hitler
Matt Smith,58,13.21%,11,548,Dala  Dalek puppet,1,1,Serve big Bad,Asylum of the Daleks
Matt Smith,58,13.21%,11,549,Dalek prime minister,1,1,Protecting the Daleks,Asylum of the Daleks
Matt Smith,58,13.21%,11,550,Grayle,1,1,Collect Weeping Angels,The Angels Take Manhattan
Matt Smith,58,13.21%,11,551,Shakri,1,1,Destroy humans,The Power of Three
Matt Smith,58,13.21%,11,552,Simeon  Dr,1,1,Serve big Bad,The Snowmen
Matt Smith,58,13.21%,11,553,Snowmen  The,1,1,Serve big Bad,The Snowmen
Matt Smith,58,13.21%,11,554,Soloman,1,1,Profit,Dinosaurs on a Spaceship
Matt Smith,58,13.21%,11,555,Solomans robots (x2),1,1,Serve big Bad,Dinosaurs on a Spaceship
Matt Smith,58,13.21%,11,556,Teselecta antibodies,1,1,Serve big Bad,Lets Kill Hitler
